,Actual,Predicted
12,80.59999847,77.80030907032119
0,88.59999847,92.74860587344438
14,76.30000305,71.8209889289837
8,69.40000153,75.5580631297645
